Year,Gap (pp),95% CI,p-value
2016,14.26,"[11.87, 16.64]",<0.0000000000000002
2021,14.71,"[12.28, 17.13]",<0.0000000000000002
