term,estimate,std.error,statistic,p.value
(Intercept),0.7568749452021115,0.06573967068472111,11.513214735011148,1.1317921539461566e-30
grupo_edad20-29,-0.3124916751977659,0.06125575380678457,-5.101425674777263,3.371044057143766e-7
grupo_edad30-39,-0.5372577896810007,0.06041146885174032,-8.893307841918555,5.931619261590641e-19
grupo_edad40-49,-0.7292918555018163,0.06073760309408454,-12.007254457705868,3.2547198291153496e-33
grupo_edad50-59,-0.8781206891279897,0.06155467184191998,-14.26570336339559,3.579644882239456e-46
grupo_edad60-80,-1.0348055805635392,0.06142029954260427,-16.84794096202258,1.0863150468608316e-63
grupo_edad>80,-1.2432163481453609,0.09966217439858906,-12.474304876925919,1.0310200213114246e-35
GRA,0.0038190374475209014,0.0070635564147504696,0.5406677915880728,0.58873658236992
acceso_digital,0.0524156189948182,0.010783494317727873,4.8607267227514415,1.169556116391332e-6
