term,estimate,std.error,statistic,p.value
(Intercept),1.0092248879473997,0.05852043879177635,17.24568217163167,1.2058101718875998e-66
grupo_edad20-29,-0.37909006828179387,0.056459431648944444,-6.714379815916572,1.8886776930631383e-11
grupo_edad30-39,-0.6574310769882094,0.05530263012689882,-11.887880838210611,1.3683446273345203e-32
grupo_edad40-49,-0.8412764008971186,0.05605461667653264,-15.00815545223986,6.492828202086715e-51
grupo_edad50-59,-0.9657329362204677,0.05742887128401649,-16.816157354798108,1.8582769664987875e-63
grupo_edad60-80,-1.000219881634719,0.05757368920768403,-17.37286415721342,1.3244663736647373e-67
grupo_edad>80,-0.894411502392122,0.09744597650044451,-9.178537016231163,4.3698773356265524e-20
GRA,0.0010796302546251478,0.006478240118863999,0.1666548684235045,0.8676416185822007
acceso_digital,0.06373090203751768,0.010178905812280507,6.261075916492762,3.8233032817483144e-10
