Resid. Df,Resid. Dev,Df,Deviance,Pr(>Chi)
74129,93194.18970265127,NA,NA,NA
74121,93180.05863274523,8,14.131069906041375,0.0784124494654056
