df,AIC
17,93228.18970265127
25,93230.05863274523
